<?xml version="1.0" encoding="UTF-8"?>
<GenRun Id="impl_1" LaunchPart="xc7a35tcpg236-1" LaunchTime="1648611641">
  <File Type="ROUTE-PWR" Name="myOR_power_routed.rpt"/>
  <File Type="PA-TCL" Name="myOR.tcl"/>
  <File Type="BITSTR-BMM" Name="myOR_bd.bmm"/>
  <File Type="ROUTE-PWR-SUM" Name="myOR_power_summary_routed.pb"/>
  <File Type="REPORTS-TCL" Name="myOR_reports.tcl"/>
  <File Type="OPT-DCP" Name="myOR_opt.dcp"/>
  <File Type="OPT-DRC" Name="myOR_drc_opted.rpt"/>
  <File Type="OPT-HWDEF" Name="myOR.hwdef"/>
  <File Type="PWROPT-DCP" Name="myOR_pwropt.dcp"/>
  <File Type="PLACE-DCP" Name="myOR_placed.dcp"/>
  <File Type="PLACE-IO" Name="myOR_io_placed.rpt"/>
  <File Type="PLACE-UTIL" Name="myOR_utilization_placed.rpt"/>
  <File Type="PLACE-UTIL-PB" Name="myOR_utilization_placed.pb"/>
  <File Type="PLACE-CTRL" Name="myOR_control_sets_placed.rpt"/>
  <File Type="PLACE-PRE-SIMILARITY" Name="myOR_incremental_reuse_pre_placed.rpt"/>
  <File Type="BG-BGN" Name="myOR.bgn"/>
  <File Type="POSTPLACE-PWROPT-DCP" Name="myOR_postplace_pwropt.dcp"/>
  <File Type="BG-BIN" Name="myOR.bin"/>
  <File Type="PHYSOPT-DCP" Name="myOR_physopt.dcp"/>
  <File Type="BITSTR-MSK" Name="myOR.msk"/>
  <File Type="ROUTE-ERROR-DCP" Name="myOR_routed_error.dcp"/>
  <File Type="ROUTE-DCP" Name="myOR_routed.dcp"/>
  <File Type="ROUTE-BLACKBOX-DCP" Name="myOR_routed_bb.dcp"/>
  <File Type="ROUTE-DRC" Name="myOR_drc_routed.rpt"/>
  <File Type="ROUTE-DRC-PB" Name="myOR_drc_routed.pb"/>
  <File Type="ROUTE-DRC-RPX" Name="myOR_drc_routed.rpx"/>
  <File Type="BITSTR-LTX" Name="myOR.ltx"/>
  <File Type="ROUTE-METHODOLOGY-DRC" Name="myOR_methodology_drc_routed.rpt"/>
  <File Type="BITSTR-MMI" Name="myOR.mmi"/>
  <File Type="ROUTE-METHODOLOGY-DRC-RPX" Name="myOR_methodology_drc_routed.rpx"/>
  <File Type="ROUTE-METHODOLOGY-DRC-PB" Name="myOR_methodology_drc_routed.pb"/>
  <File Type="BITSTR-SYSDEF" Name="myOR.sysdef"/>
  <File Type="ROUTE-PWR-RPX" Name="myOR_power_routed.rpx"/>
  <File Type="ROUTE-STATUS" Name="myOR_route_status.rpt"/>
  <File Type="ROUTE-STATUS-PB" Name="myOR_route_status.pb"/>
  <File Type="ROUTE-TIMINGSUMMARY" Name="myOR_timing_summary_routed.rpt"/>
  <File Type="ROUTE-TIMING-PB" Name="myOR_timing_summary_routed.pb"/>
  <File Type="ROUTE-TIMING-RPX" Name="myOR_timing_summary_routed.rpx"/>
  <File Type="ROUTE-CLK" Name="myOR_clock_utilization_routed.rpt"/>
  <File Type="ROUTE-BUS-SKEW" Name="myOR_bus_skew_routed.rpt"/>
  <File Type="ROUTE-BUS-SKEW-PB" Name="myOR_bus_skew_routed.pb"/>
  <File Type="ROUTE-BUS-SKEW-RPX" Name="myOR_bus_skew_routed.rpx"/>
  <File Type="POSTROUTE-PHYSOPT-DCP" Name="myOR_postroute_physopt.dcp"/>
  <File Type="POSTROUTE-PHYSOPT-BLACKBOX-DCP" Name="myOR_postroute_physopt_bb.dcp"/>
  <File Type="BG-BIT" Name="myOR.bit"/>
  <File Type="BITSTR-RBT" Name="myOR.rbt"/>
  <File Type="BITSTR-NKY" Name="myOR.nky"/>
  <File Type="BG-DRC" Name="myOR.drc"/>
  <File Type="RDI-RDI" Name="myOR.vdi"/>
  <File Type="WBT-USG" Name="usage_statistics_webtalk.html"/>
  <FileSet Name="sources" Type="DesignSrcs" RelSrcDir="$PSRCDIR/sources_1">
    <Filter Type="Srcs"/>
    <File Path="$PSRCDIR/sources_1/new/myOR.v">
      <FileInfo>
        <Attr Name="ImportPath" Val="$PPRDIR/../../../../../../../../OneDrive/Desktop/CSE 100/HelloWorld/HelloWorld.srcs/sources_1/new/myOR.v"/>
        <Attr Name="ImportTime" Val="1648736145"/>
        <Attr Name="UsedIn" Val="synthesis"/>
        <Attr Name="UsedIn" Val="implementation"/>
        <Attr Name="UsedIn" Val="simulation"/>
      </FileInfo>
    </File>
    <Config>
      <Option Name="DesignMode" Val="RTL"/>
      <Option Name="TopModule" Val="myOR"/>
      <Option Name="TopAutoSet" Val="TRUE"/>
    </Config>
  </FileSet>
  <FileSet Name="constrs_in" Type="Constrs" RelSrcDir="$PSRCDIR/constrs_1">
    <Filter Type="Constrs"/>
    <File Path="$PSRCDIR/constrs_1/imports/CSE 100/Basys3_Master.xdc">
      <FileInfo>
        <Attr Name="ImportPath" Val="$PPRDIR/../../../../../../../../OneDrive/Desktop/CSE 100/Basys3_Master.xdc"/>
        <Attr Name="ImportTime" Val="1648611555"/>
        <Attr Name="UsedIn" Val="synthesis"/>
        <Attr Name="UsedIn" Val="implementation"/>
      </FileInfo>
    </File>
    <Config>
      <Option Name="ConstrsType" Val="XDC"/>
    </Config>
  </FileSet>
  <FileSet Name="utils" Type="Utils" RelSrcDir="$PSRCDIR/utils_1">
    <Filter Type="Utils"/>
    <Config>
      <Option Name="TopAutoSet" Val="TRUE"/>
    </Config>
  </FileSet>
  <Strategy Version="1" Minor="2">
    <StratHandle Name="Vivado Implementation Defaults" Flow="Vivado Implementation 2019"/>
    <Step Id="init_design"/>
    <Step Id="opt_design"/>
    <Step Id="power_opt_design"/>
    <Step Id="place_design"/>
    <Step Id="post_place_power_opt_design"/>
    <Step Id="phys_opt_design"/>
    <Step Id="route_design"/>
    <Step Id="post_route_phys_opt_design"/>
    <Step Id="write_bitstream"/>
  </Strategy>
</GenRun>
