<?xml version="1.0" encoding="UTF-8"?>
<GenRun Id="impl_1" LaunchPart="xc7a35tcpg236-1" LaunchTime="1653347541">
  <File Type="ROUTE-PWR" Name="Top_Module_Main_power_routed.rpt"/>
  <File Type="PA-TCL" Name="Top_Module_Main.tcl"/>
  <File Type="BITSTR-BMM" Name="Top_Module_Main_bd.bmm"/>
  <File Type="ROUTE-PWR-SUM" Name="Top_Module_Main_power_summary_routed.pb"/>
  <File Type="REPORTS-TCL" Name="Top_Module_Main_reports.tcl"/>
  <File Type="OPT-DCP" Name="Top_Module_Main_opt.dcp"/>
  <File Type="OPT-DRC" Name="Top_Module_Main_drc_opted.rpt"/>
  <File Type="OPT-HWDEF" Name="Top_Module_Main.hwdef"/>
  <File Type="PWROPT-DCP" Name="Top_Module_Main_pwropt.dcp"/>
  <File Type="PLACE-DCP" Name="Top_Module_Main_placed.dcp"/>
  <File Type="PLACE-IO" Name="Top_Module_Main_io_placed.rpt"/>
  <File Type="PLACE-UTIL" Name="Top_Module_Main_utilization_placed.rpt"/>
  <File Type="PLACE-UTIL-PB" Name="Top_Module_Main_utilization_placed.pb"/>
  <File Type="PLACE-CTRL" Name="Top_Module_Main_control_sets_placed.rpt"/>
  <File Type="PLACE-PRE-SIMILARITY" Name="Top_Module_Main_incremental_reuse_pre_placed.rpt"/>
  <File Type="BG-BGN" Name="Top_Module_Main.bgn"/>
  <File Type="POSTPLACE-PWROPT-DCP" Name="Top_Module_Main_postplace_pwropt.dcp"/>
  <File Type="BG-BIN" Name="Top_Module_Main.bin"/>
  <File Type="PHYSOPT-DCP" Name="Top_Module_Main_physopt.dcp"/>
  <File Type="BITSTR-MSK" Name="Top_Module_Main.msk"/>
  <File Type="ROUTE-ERROR-DCP" Name="Top_Module_Main_routed_error.dcp"/>
  <File Type="ROUTE-DCP" Name="Top_Module_Main_routed.dcp"/>
  <File Type="ROUTE-BLACKBOX-DCP" Name="Top_Module_Main_routed_bb.dcp"/>
  <File Type="ROUTE-DRC" Name="Top_Module_Main_drc_routed.rpt"/>
  <File Type="ROUTE-DRC-PB" Name="Top_Module_Main_drc_routed.pb"/>
  <File Type="ROUTE-DRC-RPX" Name="Top_Module_Main_drc_routed.rpx"/>
  <File Type="BITSTR-LTX" Name="Top_Module_Main.ltx"/>
  <File Type="ROUTE-METHODOLOGY-DRC" Name="Top_Module_Main_methodology_drc_routed.rpt"/>
  <File Type="BITSTR-MMI" Name="Top_Module_Main.mmi"/>
  <File Type="ROUTE-METHODOLOGY-DRC-RPX" Name="Top_Module_Main_methodology_drc_routed.rpx"/>
  <File Type="ROUTE-METHODOLOGY-DRC-PB" Name="Top_Module_Main_methodology_drc_routed.pb"/>
  <File Type="BITSTR-SYSDEF" Name="Top_Module_Main.sysdef"/>
  <File Type="ROUTE-PWR-RPX" Name="Top_Module_Main_power_routed.rpx"/>
  <File Type="ROUTE-STATUS" Name="Top_Module_Main_route_status.rpt"/>
  <File Type="ROUTE-STATUS-PB" Name="Top_Module_Main_route_status.pb"/>
  <File Type="ROUTE-TIMINGSUMMARY" Name="Top_Module_Main_timing_summary_routed.rpt"/>
  <File Type="ROUTE-TIMING-PB" Name="Top_Module_Main_timing_summary_routed.pb"/>
  <File Type="ROUTE-TIMING-RPX" Name="Top_Module_Main_timing_summary_routed.rpx"/>
  <File Type="ROUTE-CLK" Name="Top_Module_Main_clock_utilization_routed.rpt"/>
  <File Type="ROUTE-BUS-SKEW" Name="Top_Module_Main_bus_skew_routed.rpt"/>
  <File Type="ROUTE-BUS-SKEW-PB" Name="Top_Module_Main_bus_skew_routed.pb"/>
  <File Type="ROUTE-BUS-SKEW-RPX" Name="Top_Module_Main_bus_skew_routed.rpx"/>
  <File Type="POSTROUTE-PHYSOPT-DCP" Name="Top_Module_Main_postroute_physopt.dcp"/>
  <File Type="POSTROUTE-PHYSOPT-BLACKBOX-DCP" Name="Top_Module_Main_postroute_physopt_bb.dcp"/>
  <File Type="BG-BIT" Name="Top_Module_Main.bit"/>
  <File Type="BITSTR-RBT" Name="Top_Module_Main.rbt"/>
  <File Type="BITSTR-NKY" Name="Top_Module_Main.nky"/>
  <File Type="BG-DRC" Name="Top_Module_Main.drc"/>
  <File Type="RDI-RDI" Name="Top_Module_Main.vdi"/>
  <File Type="WBT-USG" Name="usage_statistics_webtalk.html"/>
  <FileSet Name="sources" Type="DesignSrcs" RelSrcDir="$PSRCDIR/sources_1">
    <Filter Type="Srcs"/>
    <File Path="$PSRCDIR/sources_1/new/Blink.v">
      <FileInfo>
        <Attr Name="ImportPath" Val="$PPRDIR/../../../../../../../../../../../../../../OneDrive/Desktop/CSE100/Lab7/Frog_Frenzy/Frog_Frenzy.srcs/sources_1/new/Blink.v"/>
        <Attr Name="ImportTime" Val="1653102409"/>
        <Attr Name="UsedIn" Val="synthesis"/>
        <Attr Name="UsedIn" Val="implementation"/>
        <Attr Name="UsedIn" Val="simulation"/>
      </FileInfo>
    </File>
    <File Path="$PSRCDIR/sources_1/new/Delay2sec.v">
      <FileInfo>
        <Attr Name="ImportPath" Val="$PPRDIR/../../../../../../../../../../../../../../../../../../../../../../../OneDrive/Desktop/CSE100/Lab7/Frog_Frenzy/Frog_Frenzy.srcs/sources_1/new/Delay2sec.v"/>
        <Attr Name="ImportTime" Val="1652918940"/>
        <Attr Name="UsedIn" Val="synthesis"/>
        <Attr Name="UsedIn" Val="implementation"/>
        <Attr Name="UsedIn" Val="simulation"/>
      </FileInfo>
    </File>
    <File Path="$PSRCDIR/sources_1/new/Edge_Detector.v">
      <FileInfo>
        <Attr Name="ImportPath" Val="$PPRDIR/../../../../../../../../../../../../../../../../../../../../../../../../../../../../../../../../OneDrive/Desktop/CSE100/Lab7/Frog_Frenzy/Frog_Frenzy.srcs/sources_1/new/Edge_Detector.v"/>
        <Attr Name="ImportTime" Val="1652741154"/>
        <Attr Name="UsedIn" Val="synthesis"/>
        <Attr Name="UsedIn" Val="implementation"/>
        <Attr Name="UsedIn" Val="simulation"/>
      </FileInfo>
    </File>
    <File Path="$PSRCDIR/sources_1/new/Frog.v">
      <FileInfo>
        <Attr Name="ImportPath" Val="$PPRDIR/../../../../../../../../../../../../../../../../../Downloads/Frog_Frenzy/Frog_Frenzy.srcs/sources_1/new/Frog.v"/>
        <Attr Name="ImportTime" Val="1653089050"/>
        <Attr Name="UsedIn" Val="synthesis"/>
        <Attr Name="UsedIn" Val="implementation"/>
        <Attr Name="UsedIn" Val="simulation"/>
      </FileInfo>
    </File>
    <File Path="$PSRCDIR/sources_1/new/HSync_Tracker.v">
      <FileInfo>
        <Attr Name="ImportPath" Val="$PPRDIR/../../../../../../../../../../../../../../../../../../../../../../../../../../Downloads/Frog_Frenzy/Frog_Frenzy.srcs/sources_1/new/HSync_Tracker.v"/>
        <Attr Name="ImportTime" Val="1652836426"/>
        <Attr Name="UsedIn" Val="synthesis"/>
        <Attr Name="UsedIn" Val="implementation"/>
        <Attr Name="UsedIn" Val="simulation"/>
      </FileInfo>
    </File>
    <File Path="$PSRCDIR/sources_1/new/Plants.v">
      <FileInfo>
        <Attr Name="ImportPath" Val="$PPRDIR/../../../../../../../../../../../../../../../../../Downloads/Frog_Frenzy/Frog_Frenzy.srcs/sources_1/new/Plants.v"/>
        <Attr Name="ImportTime" Val="1653010236"/>
        <Attr Name="UsedIn" Val="synthesis"/>
        <Attr Name="UsedIn" Val="implementation"/>
        <Attr Name="UsedIn" Val="simulation"/>
      </FileInfo>
    </File>
    <File Path="$PSRCDIR/sources_1/new/RingCounter.v">
      <FileInfo>
        <Attr Name="ImportPath" Val="$PPRDIR/../../../../../../../../../../../../../../../../../../../../../../../../../../../../../../../../OneDrive/Desktop/CSE100/Lab7/Frog_Frenzy/Frog_Frenzy.srcs/sources_1/new/RingCounter.v"/>
        <Attr Name="ImportTime" Val="1652741042"/>
        <Attr Name="UsedIn" Val="synthesis"/>
        <Attr Name="UsedIn" Val="implementation"/>
        <Attr Name="UsedIn" Val="simulation"/>
      </FileInfo>
    </File>
    <File Path="$PSRCDIR/sources_1/new/Selector.v">
      <FileInfo>
        <Attr Name="ImportPath" Val="$PPRDIR/../../../../../../../../../../../../../../../../../../../../../../../../../../../../../../../../OneDrive/Desktop/CSE100/Lab7/Frog_Frenzy/Frog_Frenzy.srcs/sources_1/new/Selector.v"/>
        <Attr Name="ImportTime" Val="1652741041"/>
        <Attr Name="UsedIn" Val="synthesis"/>
        <Attr Name="UsedIn" Val="implementation"/>
        <Attr Name="UsedIn" Val="simulation"/>
      </FileInfo>
    </File>
    <File Path="$PSRCDIR/sources_1/new/StateMachine.v">
      <FileInfo>
        <Attr Name="ImportPath" Val="$PPRDIR/../../../../../../../../../../../../../../../../../Downloads/Frog_Frenzy/Frog_Frenzy.srcs/sources_1/new/StateMachine.v"/>
        <Attr Name="ImportTime" Val="1653081473"/>
        <Attr Name="UsedIn" Val="synthesis"/>
        <Attr Name="UsedIn" Val="implementation"/>
        <Attr Name="UsedIn" Val="simulation"/>
      </FileInfo>
    </File>
    <File Path="$PSRCDIR/sources_1/new/VGA_Control.v">
      <FileInfo>
        <Attr Name="ImportPath" Val="$PPRDIR/../../../../../../../../../../../../../../../../../Downloads/Frog_Frenzy/Frog_Frenzy.srcs/sources_1/new/VGA_Control.v"/>
        <Attr Name="ImportTime" Val="1653084865"/>
        <Attr Name="UsedIn" Val="synthesis"/>
        <Attr Name="UsedIn" Val="implementation"/>
        <Attr Name="UsedIn" Val="simulation"/>
      </FileInfo>
    </File>
    <File Path="$PSRCDIR/sources_1/new/VSync_Tracker.v">
      <FileInfo>
        <Attr Name="ImportPath" Val="$PPRDIR/../../../../../../../../../../../../../../../../../../../../../../../../../../Downloads/Frog_Frenzy/Frog_Frenzy.srcs/sources_1/new/VSync_Tracker.v"/>
        <Attr Name="ImportTime" Val="1652836432"/>
        <Attr Name="UsedIn" Val="synthesis"/>
        <Attr Name="UsedIn" Val="implementation"/>
        <Attr Name="UsedIn" Val="simulation"/>
      </FileInfo>
    </File>
    <File Path="$PSRCDIR/sources_1/new/countUD4L.v">
      <FileInfo>
        <Attr Name="ImportPath" Val="$PPRDIR/../../../../../../../../../../../../../../../../../../../../../../../../../../../../../../../../OneDrive/Desktop/CSE100/Lab7/Frog_Frenzy/Frog_Frenzy.srcs/sources_1/new/countUD4L.v"/>
        <Attr Name="ImportTime" Val="1652741155"/>
        <Attr Name="UsedIn" Val="synthesis"/>
        <Attr Name="UsedIn" Val="implementation"/>
        <Attr Name="UsedIn" Val="simulation"/>
      </FileInfo>
    </File>
    <File Path="$PSRCDIR/sources_1/new/hex7seg.v">
      <FileInfo>
        <Attr Name="ImportPath" Val="$PPRDIR/../../../../../../../../../../../../../../../../../../../../../../../../../../../../../../../../OneDrive/Desktop/CSE100/Lab7/Frog_Frenzy/Frog_Frenzy.srcs/sources_1/new/hex7seg.v"/>
        <Attr Name="ImportTime" Val="1652741039"/>
        <Attr Name="UsedIn" Val="synthesis"/>
        <Attr Name="UsedIn" Val="implementation"/>
        <Attr Name="UsedIn" Val="simulation"/>
      </FileInfo>
    </File>
    <File Path="$PSRCDIR/sources_1/imports/Lab7/lab7_clks.v">
      <FileInfo>
        <Attr Name="ImportPath" Val="$PPRDIR/../../../../../../../../../../../../../../../../../../../../../../../../../../../../../../../../OneDrive/Desktop/CSE100/Lab7/lab7_clks.v"/>
        <Attr Name="ImportTime" Val="1652740852"/>
        <Attr Name="UsedIn" Val="synthesis"/>
        <Attr Name="UsedIn" Val="implementation"/>
        <Attr Name="UsedIn" Val="simulation"/>
      </FileInfo>
    </File>
    <File Path="$PSRCDIR/sources_1/imports/Downloads/TurkeyTraffic/TurkeyTraffic.srcs/sources_1/new/m8_1.v">
      <FileInfo>
        <Attr Name="ImportPath" Val="$PPRDIR/../../../../../../../../../../../../../../../../../../../../../../../../../../Downloads/TurkeyTraffic/TurkeyTraffic.srcs/sources_1/new/m8_1.v"/>
        <Attr Name="ImportTime" Val="1651942623"/>
        <Attr Name="UsedIn" Val="synthesis"/>
        <Attr Name="UsedIn" Val="implementation"/>
        <Attr Name="UsedIn" Val="simulation"/>
      </FileInfo>
    </File>
    <File Path="$PSRCDIR/sources_1/new/Top_Module_Main.v">
      <FileInfo>
        <Attr Name="ImportPath" Val="$PPRDIR/../../../../../../../../../../../../../../../../../../../../../../../../../../../../../../../../OneDrive/Desktop/CSE100/Lab7/Frog_Frenzy/Frog_Frenzy.srcs/sources_1/new/Top_Module_Main.v"/>
        <Attr Name="ImportTime" Val="1652743039"/>
        <Attr Name="UsedIn" Val="synthesis"/>
        <Attr Name="UsedIn" Val="implementation"/>
        <Attr Name="UsedIn" Val="simulation"/>
      </FileInfo>
    </File>
    <File Path="$PSRCDIR/sources_1/imports/Downloads/stop_it/stop_it.srcs/sources_1/new/LFSR.v">
      <FileInfo>
        <Attr Name="AutoDisabled" Val="1"/>
        <Attr Name="ImportPath" Val="$PPRDIR/../../../../../../../../../../../../../../../../../Downloads/stop_it/stop_it.srcs/sources_1/new/LFSR.v"/>
        <Attr Name="ImportTime" Val="1653007181"/>
        <Attr Name="UsedIn" Val="synthesis"/>
        <Attr Name="UsedIn" Val="implementation"/>
        <Attr Name="UsedIn" Val="simulation"/>
      </FileInfo>
    </File>
    <File Path="$PSRCDIR/sources_1/imports/Downloads/Frog_Frenzy/archive_project_summary.txt">
      <FileInfo>
        <Attr Name="ImportPath" Val="$PPRDIR/../../../../../../../../../../../../../../../../../Downloads/Frog_Frenzy/archive_project_summary.txt"/>
        <Attr Name="ImportTime" Val="1652992961"/>
      </FileInfo>
    </File>
    <File Path="$PSRCDIR/sources_1/imports/Frog_Frenzy/archive_project_summary.txt">
      <FileInfo>
        <Attr Name="ImportPath" Val="$PPRDIR/../../../../../../../../Downloads/Frog_Frenzy/archive_project_summary.txt"/>
        <Attr Name="ImportTime" Val="1653154259"/>
      </FileInfo>
    </File>
    <Config>
      <Option Name="DesignMode" Val="RTL"/>
      <Option Name="TopModule" Val="Top_Module_Main"/>
    </Config>
  </FileSet>
  <FileSet Name="constrs_in" Type="Constrs" RelSrcDir="$PSRCDIR/constrs_1">
    <Filter Type="Constrs"/>
    <File Path="$PSRCDIR/constrs_1/imports/Lab7/Basys3_Master.xdc">
      <FileInfo>
        <Attr Name="ImportPath" Val="$PPRDIR/../../../../../../../../../../../../../../../../../../../../../../../../../../../../../../../../OneDrive/Desktop/CSE100/Lab7/Basys3_Master.xdc"/>
        <Attr Name="ImportTime" Val="1652740744"/>
        <Attr Name="UsedIn" Val="synthesis"/>
        <Attr Name="UsedIn" Val="implementation"/>
      </FileInfo>
    </File>
    <Config>
      <Option Name="ConstrsType" Val="XDC"/>
    </Config>
  </FileSet>
  <FileSet Name="utils" Type="Utils" RelSrcDir="$PSRCDIR/utils_1">
    <Filter Type="Utils"/>
    <Config>
      <Option Name="TopAutoSet" Val="TRUE"/>
    </Config>
  </FileSet>
  <Strategy Version="1" Minor="2">
    <StratHandle Name="Vivado Implementation Defaults" Flow="Vivado Implementation 2019"/>
    <Step Id="init_design"/>
    <Step Id="opt_design"/>
    <Step Id="power_opt_design"/>
    <Step Id="place_design"/>
    <Step Id="post_place_power_opt_design"/>
    <Step Id="phys_opt_design"/>
    <Step Id="route_design"/>
    <Step Id="post_route_phys_opt_design"/>
    <Step Id="write_bitstream"/>
  </Strategy>
</GenRun>
