<?xml version="1.0" encoding="UTF-8"?>
<GenRun Id="synth_1" LaunchPart="xc7a35tcpg236-1" LaunchTime="1653347541">
  <File Type="PA-TCL" Name="Top_Module_Main.tcl"/>
  <File Type="REPORTS-TCL" Name="Top_Module_Main_reports.tcl"/>
  <File Type="RDS-RDS" Name="Top_Module_Main.vds"/>
  <File Type="RDS-UTIL" Name="Top_Module_Main_utilization_synth.rpt"/>
  <File Type="RDS-UTIL-PB" Name="Top_Module_Main_utilization_synth.pb"/>
  <File Type="RDS-DCP" Name="Top_Module_Main.dcp"/>
  <FileSet Name="sources" Type="DesignSrcs" RelSrcDir="$PSRCDIR/sources_1">
    <Filter Type="Srcs"/>
    <File Path="$PSRCDIR/sources_1/new/Blink.v">
      <FileInfo>
        <Attr Name="ImportPath" Val="$PPRDIR/../../../../../../../../../../../../../../OneDrive/Desktop/CSE100/Lab7/Frog_Frenzy/Frog_Frenzy.srcs/sources_1/new/Blink.v"/>
        <Attr Name="ImportTime" Val="1653102409"/>
        <Attr Name="UsedIn" Val="synthesis"/>
        <Attr Name="UsedIn" Val="implementation"/>
        <Attr Name="UsedIn" Val="simulation"/>
      </FileInfo>
    </File>
    <File Path="$PSRCDIR/sources_1/new/Delay2sec.v">
      <FileInfo>
        <Attr Name="ImportPath" Val="$PPRDIR/../../../../../../../../../../../../../../../../../../../../../../../OneDrive/Desktop/CSE100/Lab7/Frog_Frenzy/Frog_Frenzy.srcs/sources_1/new/Delay2sec.v"/>
        <Attr Name="ImportTime" Val="1652918940"/>
        <Attr Name="UsedIn" Val="synthesis"/>
        <Attr Name="UsedIn" Val="implementation"/>
        <Attr Name="UsedIn" Val="simulation"/>
      </FileInfo>
    </File>
    <File Path="$PSRCDIR/sources_1/new/Edge_Detector.v">
      <FileInfo>
        <Attr Name="ImportPath" Val="$PPRDIR/../../../../../../../../../../../../../../../../../../../../../../../../../../../../../../../../OneDrive/Desktop/CSE100/Lab7/Frog_Frenzy/Frog_Frenzy.srcs/sources_1/new/Edge_Detector.v"/>
        <Attr Name="ImportTime" Val="1652741154"/>
        <Attr Name="UsedIn" Val="synthesis"/>
        <Attr Name="UsedIn" Val="implementation"/>
        <Attr Name="UsedIn" Val="simulation"/>
      </FileInfo>
    </File>
    <File Path="$PSRCDIR/sources_1/new/Frog.v">
      <FileInfo>
        <Attr Name="ImportPath" Val="$PPRDIR/../../../../../../../../../../../../../../../../../Downloads/Frog_Frenzy/Frog_Frenzy.srcs/sources_1/new/Frog.v"/>
        <Attr Name="ImportTime" Val="1653089050"/>
        <Attr Name="UsedIn" Val="synthesis"/>
        <Attr Name="UsedIn" Val="implementation"/>
        <Attr Name="UsedIn" Val="simulation"/>
      </FileInfo>
    </File>
    <File Path="$PSRCDIR/sources_1/new/HSync_Tracker.v">
      <FileInfo>
        <Attr Name="ImportPath" Val="$PPRDIR/../../../../../../../../../../../../../../../../../../../../../../../../../../Downloads/Frog_Frenzy/Frog_Frenzy.srcs/sources_1/new/HSync_Tracker.v"/>
        <Attr Name="ImportTime" Val="1652836426"/>
        <Attr Name="UsedIn" Val="synthesis"/>
        <Attr Name="UsedIn" Val="implementation"/>
        <Attr Name="UsedIn" Val="simulation"/>
      </FileInfo>
    </File>
    <File Path="$PSRCDIR/sources_1/new/Plants.v">
      <FileInfo>
        <Attr Name="ImportPath" Val="$PPRDIR/../../../../../../../../../../../../../../../../../Downloads/Frog_Frenzy/Frog_Frenzy.srcs/sources_1/new/Plants.v"/>
        <Attr Name="ImportTime" Val="1653010236"/>
        <Attr Name="UsedIn" Val="synthesis"/>
        <Attr Name="UsedIn" Val="implementation"/>
        <Attr Name="UsedIn" Val="simulation"/>
      </FileInfo>
    </File>
    <File Path="$PSRCDIR/sources_1/new/RingCounter.v">
      <FileInfo>
        <Attr Name="ImportPath" Val="$PPRDIR/../../../../../../../../../../../../../../../../../../../../../../../../../../../../../../../../OneDrive/Desktop/CSE100/Lab7/Frog_Frenzy/Frog_Frenzy.srcs/sources_1/new/RingCounter.v"/>
        <Attr Name="ImportTime" Val="1652741042"/>
        <Attr Name="UsedIn" Val="synthesis"/>
        <Attr Name="UsedIn" Val="implementation"/>
        <Attr Name="UsedIn" Val="simulation"/>
      </FileInfo>
    </File>
    <File Path="$PSRCDIR/sources_1/new/Selector.v">
      <FileInfo>
        <Attr Name="ImportPath" Val="$PPRDIR/../../../../../../../../../../../../../../../../../../../../../../../../../../../../../../../../OneDrive/Desktop/CSE100/Lab7/Frog_Frenzy/Frog_Frenzy.srcs/sources_1/new/Selector.v"/>
        <Attr Name="ImportTime" Val="1652741041"/>
        <Attr Name="UsedIn" Val="synthesis"/>
        <Attr Name="UsedIn" Val="implementation"/>
        <Attr Name="UsedIn" Val="simulation"/>
      </FileInfo>
    </File>
    <File Path="$PSRCDIR/sources_1/new/StateMachine.v">
      <FileInfo>
        <Attr Name="ImportPath" Val="$PPRDIR/../../../../../../../../../../../../../../../../../Downloads/Frog_Frenzy/Frog_Frenzy.srcs/sources_1/new/StateMachine.v"/>
        <Attr Name="ImportTime" Val="1653081473"/>
        <Attr Name="UsedIn" Val="synthesis"/>
        <Attr Name="UsedIn" Val="implementation"/>
        <Attr Name="UsedIn" Val="simulation"/>
      </FileInfo>
    </File>
    <File Path="$PSRCDIR/sources_1/new/VGA_Control.v">
      <FileInfo>
        <Attr Name="ImportPath" Val="$PPRDIR/../../../../../../../../../../../../../../../../../Downloads/Frog_Frenzy/Frog_Frenzy.srcs/sources_1/new/VGA_Control.v"/>
        <Attr Name="ImportTime" Val="1653084865"/>
        <Attr Name="UsedIn" Val="synthesis"/>
        <Attr Name="UsedIn" Val="implementation"/>
        <Attr Name="UsedIn" Val="simulation"/>
      </FileInfo>
    </File>
    <File Path="$PSRCDIR/sources_1/new/VSync_Tracker.v">
      <FileInfo>
        <Attr Name="ImportPath" Val="$PPRDIR/../../../../../../../../../../../../../../../../../../../../../../../../../../Downloads/Frog_Frenzy/Frog_Frenzy.srcs/sources_1/new/VSync_Tracker.v"/>
        <Attr Name="ImportTime" Val="1652836432"/>
        <Attr Name="UsedIn" Val="synthesis"/>
        <Attr Name="UsedIn" Val="implementation"/>
        <Attr Name="UsedIn" Val="simulation"/>
      </FileInfo>
    </File>
    <File Path="$PSRCDIR/sources_1/new/countUD4L.v">
      <FileInfo>
        <Attr Name="ImportPath" Val="$PPRDIR/../../../../../../../../../../../../../../../../../../../../../../../../../../../../../../../../OneDrive/Desktop/CSE100/Lab7/Frog_Frenzy/Frog_Frenzy.srcs/sources_1/new/countUD4L.v"/>
        <Attr Name="ImportTime" Val="1652741155"/>
        <Attr Name="UsedIn" Val="synthesis"/>
        <Attr Name="UsedIn" Val="implementation"/>
        <Attr Name="UsedIn" Val="simulation"/>
      </FileInfo>
    </File>
    <File Path="$PSRCDIR/sources_1/new/hex7seg.v">
      <FileInfo>
        <Attr Name="ImportPath" Val="$PPRDIR/../../../../../../../../../../../../../../../../../../../../../../../../../../../../../../../../OneDrive/Desktop/CSE100/Lab7/Frog_Frenzy/Frog_Frenzy.srcs/sources_1/new/hex7seg.v"/>
        <Attr Name="ImportTime" Val="1652741039"/>
        <Attr Name="UsedIn" Val="synthesis"/>
        <Attr Name="UsedIn" Val="implementation"/>
        <Attr Name="UsedIn" Val="simulation"/>
      </FileInfo>
    </File>
    <File Path="$PSRCDIR/sources_1/imports/Lab7/lab7_clks.v">
      <FileInfo>
        <Attr Name="ImportPath" Val="$PPRDIR/../../../../../../../../../../../../../../../../../../../../../../../../../../../../../../../../OneDrive/Desktop/CSE100/Lab7/lab7_clks.v"/>
        <Attr Name="ImportTime" Val="1652740852"/>
        <Attr Name="UsedIn" Val="synthesis"/>
        <Attr Name="UsedIn" Val="implementation"/>
        <Attr Name="UsedIn" Val="simulation"/>
      </FileInfo>
    </File>
    <File Path="$PSRCDIR/sources_1/imports/Downloads/TurkeyTraffic/TurkeyTraffic.srcs/sources_1/new/m8_1.v">
      <FileInfo>
        <Attr Name="ImportPath" Val="$PPRDIR/../../../../../../../../../../../../../../../../../../../../../../../../../../Downloads/TurkeyTraffic/TurkeyTraffic.srcs/sources_1/new/m8_1.v"/>
        <Attr Name="ImportTime" Val="1651942623"/>
        <Attr Name="UsedIn" Val="synthesis"/>
        <Attr Name="UsedIn" Val="implementation"/>
        <Attr Name="UsedIn" Val="simulation"/>
      </FileInfo>
    </File>
    <File Path="$PSRCDIR/sources_1/new/Top_Module_Main.v">
      <FileInfo>
        <Attr Name="ImportPath" Val="$PPRDIR/../../../../../../../../../../../../../../../../../../../../../../../../../../../../../../../../OneDrive/Desktop/CSE100/Lab7/Frog_Frenzy/Frog_Frenzy.srcs/sources_1/new/Top_Module_Main.v"/>
        <Attr Name="ImportTime" Val="1652743039"/>
        <Attr Name="UsedIn" Val="synthesis"/>
        <Attr Name="UsedIn" Val="implementation"/>
        <Attr Name="UsedIn" Val="simulation"/>
      </FileInfo>
    </File>
    <File Path="$PSRCDIR/sources_1/imports/Downloads/stop_it/stop_it.srcs/sources_1/new/LFSR.v">
      <FileInfo>
        <Attr Name="AutoDisabled" Val="1"/>
        <Attr Name="ImportPath" Val="$PPRDIR/../../../../../../../../../../../../../../../../../Downloads/stop_it/stop_it.srcs/sources_1/new/LFSR.v"/>
        <Attr Name="ImportTime" Val="1653007181"/>
        <Attr Name="UsedIn" Val="synthesis"/>
        <Attr Name="UsedIn" Val="implementation"/>
        <Attr Name="UsedIn" Val="simulation"/>
      </FileInfo>
    </File>
    <File Path="$PSRCDIR/sources_1/imports/Downloads/Frog_Frenzy/archive_project_summary.txt">
      <FileInfo>
        <Attr Name="ImportPath" Val="$PPRDIR/../../../../../../../../../../../../../../../../../Downloads/Frog_Frenzy/archive_project_summary.txt"/>
        <Attr Name="ImportTime" Val="1652992961"/>
      </FileInfo>
    </File>
    <File Path="$PSRCDIR/sources_1/imports/Frog_Frenzy/archive_project_summary.txt">
      <FileInfo>
        <Attr Name="ImportPath" Val="$PPRDIR/../../../../../../../../Downloads/Frog_Frenzy/archive_project_summary.txt"/>
        <Attr Name="ImportTime" Val="1653154259"/>
      </FileInfo>
    </File>
    <Config>
      <Option Name="DesignMode" Val="RTL"/>
      <Option Name="TopModule" Val="Top_Module_Main"/>
    </Config>
  </FileSet>
  <FileSet Name="constrs_in" Type="Constrs" RelSrcDir="$PSRCDIR/constrs_1">
    <Filter Type="Constrs"/>
    <File Path="$PSRCDIR/constrs_1/imports/Lab7/Basys3_Master.xdc">
      <FileInfo>
        <Attr Name="ImportPath" Val="$PPRDIR/../../../../../../../../../../../../../../../../../../../../../../../../../../../../../../../../OneDrive/Desktop/CSE100/Lab7/Basys3_Master.xdc"/>
        <Attr Name="ImportTime" Val="1652740744"/>
        <Attr Name="UsedIn" Val="synthesis"/>
        <Attr Name="UsedIn" Val="implementation"/>
      </FileInfo>
    </File>
    <Config>
      <Option Name="ConstrsType" Val="XDC"/>
    </Config>
  </FileSet>
  <FileSet Name="utils" Type="Utils" RelSrcDir="$PSRCDIR/utils_1">
    <Filter Type="Utils"/>
    <Config>
      <Option Name="TopAutoSet" Val="TRUE"/>
    </Config>
  </FileSet>
  <Strategy Version="1" Minor="2">
    <StratHandle Name="Vivado Synthesis Defaults" Flow="Vivado Synthesis 2019"/>
    <Step Id="synth_design"/>
  </Strategy>
</GenRun>
