<?xml version="1.0" encoding="UTF-8"?>
<GenRun Id="synth_1" LaunchPart="xc7a35tcpg236-1" LaunchTime="1651722999">
  <File Type="PA-TCL" Name="Top_Module_Main.tcl"/>
  <File Type="REPORTS-TCL" Name="Top_Module_Main_reports.tcl"/>
  <File Type="RDS-RDS" Name="Top_Module_Main.vds"/>
  <File Type="RDS-UTIL" Name="Top_Module_Main_utilization_synth.rpt"/>
  <File Type="RDS-UTIL-PB" Name="Top_Module_Main_utilization_synth.pb"/>
  <File Type="RDS-DCP" Name="Top_Module_Main.dcp"/>
  <FileSet Name="sources" Type="DesignSrcs" RelSrcDir="$PSRCDIR/sources_1">
    <Filter Type="Srcs"/>
    <File Path="$PSRCDIR/sources_1/new/Edge_Detector.v">
      <FileInfo>
        <Attr Name="ImportPath" Val="$PPRDIR/../../../../../../../../../../../../../../../../../../../../../../../Downloads/stop_it/stop_it.srcs/sources_1/new/Edge_Detector.v"/>
        <Attr Name="ImportTime" Val="1651542843"/>
        <Attr Name="UsedIn" Val="synthesis"/>
        <Attr Name="UsedIn" Val="implementation"/>
        <Attr Name="UsedIn" Val="simulation"/>
      </FileInfo>
    </File>
    <File Path="$PSRCDIR/sources_1/new/Four_Second_Delay.v">
      <FileInfo>
        <Attr Name="ImportPath" Val="$PPRDIR/../../../../../../../../../../../../../../../../../../../../../../../Downloads/stop_it/stop_it.srcs/sources_1/new/Four_Second_Delay.v"/>
        <Attr Name="ImportTime" Val="1651535791"/>
        <Attr Name="UsedIn" Val="synthesis"/>
        <Attr Name="UsedIn" Val="implementation"/>
        <Attr Name="UsedIn" Val="simulation"/>
      </FileInfo>
    </File>
    <File Path="$PSRCDIR/sources_1/new/Game_Counter.v">
      <FileInfo>
        <Attr Name="ImportPath" Val="$PPRDIR/../../../../../../../../../../../../../../../../../../../../../../../../../../../../../../../../../../../../../../OneDrive/Desktop/CSE100/Lab5/stop_it/stop_it.srcs/sources_1/new/Game_Counter.v"/>
        <Attr Name="ImportTime" Val="1651299549"/>
        <Attr Name="UsedIn" Val="synthesis"/>
        <Attr Name="UsedIn" Val="implementation"/>
        <Attr Name="UsedIn" Val="simulation"/>
      </FileInfo>
    </File>
    <File Path="$PSRCDIR/sources_1/new/LED_Shifter.v">
      <FileInfo>
        <Attr Name="ImportPath" Val="$PPRDIR/../../../../../../../../../../../../../../../../../../../../../../../../../../../../../../../../../../../../../../OneDrive/Desktop/CSE100/Lab5/stop_it/stop_it.srcs/sources_1/new/LED_Shifter.v"/>
        <Attr Name="ImportTime" Val="1651301213"/>
        <Attr Name="UsedIn" Val="synthesis"/>
        <Attr Name="UsedIn" Val="implementation"/>
        <Attr Name="UsedIn" Val="simulation"/>
      </FileInfo>
    </File>
    <File Path="$PSRCDIR/sources_1/new/LFSR.v">
      <FileInfo>
        <Attr Name="ImportPath" Val="$PPRDIR/../../../../../../../../../../../../../../../../../../../../../../../../../../../../../../../../../../../../../../OneDrive/Desktop/CSE100/Lab5/stop_it/stop_it.srcs/sources_1/new/LFSR.v"/>
        <Attr Name="ImportTime" Val="1651292744"/>
        <Attr Name="UsedIn" Val="synthesis"/>
        <Attr Name="UsedIn" Val="implementation"/>
        <Attr Name="UsedIn" Val="simulation"/>
      </FileInfo>
    </File>
    <File Path="$PSRCDIR/sources_1/imports/CSE100/Lab4/Sequential_Circuit_Counter/Sequential_Circuit_Counter.srcs/sources_1/new/RingCounter.v">
      <FileInfo>
        <Attr Name="ImportPath" Val="$PPRDIR/../../../../../../../../../../../../../../../../../../../../../../../../../../../../../../../../../../../../../../OneDrive/Desktop/CSE100/Lab4/Sequential_Circuit_Counter/Sequential_Circuit_Counter.srcs/sources_1/new/RingCounter.v"/>
        <Attr Name="ImportTime" Val="1650815604"/>
        <Attr Name="UsedIn" Val="synthesis"/>
        <Attr Name="UsedIn" Val="implementation"/>
        <Attr Name="UsedIn" Val="simulation"/>
      </FileInfo>
    </File>
    <File Path="$PSRCDIR/sources_1/imports/CSE100/Lab4/Sequential_Circuit_Counter/Sequential_Circuit_Counter.srcs/sources_1/new/Selector.v">
      <FileInfo>
        <Attr Name="ImportPath" Val="$PPRDIR/../../../../../../../../../../../../../../../../../../../../../../../../../../../../../../../../../../../../../../OneDrive/Desktop/CSE100/Lab4/Sequential_Circuit_Counter/Sequential_Circuit_Counter.srcs/sources_1/new/Selector.v"/>
        <Attr Name="ImportTime" Val="1650815604"/>
        <Attr Name="UsedIn" Val="synthesis"/>
        <Attr Name="UsedIn" Val="implementation"/>
        <Attr Name="UsedIn" Val="simulation"/>
      </FileInfo>
    </File>
    <File Path="$PSRCDIR/sources_1/new/StateMachine.v">
      <FileInfo>
        <Attr Name="ImportPath" Val="$PPRDIR/../../../../../../../../../../../../../../../../../../../../../../../../../../../../../../../../../../../../../../OneDrive/Desktop/CSE100/Lab5/stop_it/stop_it.srcs/sources_1/new/StateMachine.v"/>
        <Attr Name="ImportTime" Val="1651294381"/>
        <Attr Name="UsedIn" Val="synthesis"/>
        <Attr Name="UsedIn" Val="implementation"/>
        <Attr Name="UsedIn" Val="simulation"/>
      </FileInfo>
    </File>
    <File Path="$PSRCDIR/sources_1/new/Time_Counter.v">
      <FileInfo>
        <Attr Name="ImportPath" Val="$PPRDIR/../../../../../../../../../../../../../../../../../../../../../../../../../../../../../../../../../../../../../../OneDrive/Desktop/CSE100/Lab5/stop_it/stop_it.srcs/sources_1/new/Time_Counter.v"/>
        <Attr Name="ImportTime" Val="1651298592"/>
        <Attr Name="UsedIn" Val="synthesis"/>
        <Attr Name="UsedIn" Val="implementation"/>
        <Attr Name="UsedIn" Val="simulation"/>
      </FileInfo>
    </File>
    <File Path="$PSRCDIR/sources_1/new/Two_Second_Delay.v">
      <FileInfo>
        <Attr Name="ImportPath" Val="$PPRDIR/../../../../../../../../../../../../../../../../../../../../../../../Downloads/stop_it/stop_it.srcs/sources_1/new/Two_Second_Delay.v"/>
        <Attr Name="ImportTime" Val="1651535792"/>
        <Attr Name="UsedIn" Val="synthesis"/>
        <Attr Name="UsedIn" Val="implementation"/>
        <Attr Name="UsedIn" Val="simulation"/>
      </FileInfo>
    </File>
    <File Path="$PSRCDIR/sources_1/imports/CSE100/Lab4/Sequential_Circuit_Counter/Sequential_Circuit_Counter.srcs/sources_1/new/countUD4L.v">
      <FileInfo>
        <Attr Name="ImportPath" Val="$PPRDIR/../../../../../../../../../../../../../../../../../../../../../../../../../../../../../../../../../../../../../../OneDrive/Desktop/CSE100/Lab4/Sequential_Circuit_Counter/Sequential_Circuit_Counter.srcs/sources_1/new/countUD4L.v"/>
        <Attr Name="ImportTime" Val="1651298208"/>
        <Attr Name="UsedIn" Val="synthesis"/>
        <Attr Name="UsedIn" Val="implementation"/>
        <Attr Name="UsedIn" Val="simulation"/>
      </FileInfo>
    </File>
    <File Path="$PSRCDIR/sources_1/imports/CSE100/Lab4/Sequential_Circuit_Counter/Sequential_Circuit_Counter.srcs/sources_1/imports/new/hex7seg.v">
      <FileInfo>
        <Attr Name="ImportPath" Val="$PPRDIR/../../../../../../../../../../../../../../../../../../../../../../../../../../../../../../../../../../../../../../OneDrive/Desktop/CSE100/Lab4/Sequential_Circuit_Counter/Sequential_Circuit_Counter.srcs/sources_1/imports/new/hex7seg.v"/>
        <Attr Name="ImportTime" Val="1650815604"/>
        <Attr Name="UsedIn" Val="synthesis"/>
        <Attr Name="UsedIn" Val="implementation"/>
        <Attr Name="UsedIn" Val="simulation"/>
      </FileInfo>
    </File>
    <File Path="$PSRCDIR/sources_1/imports/CSE100/Lab5/lab5_clks.v">
      <FileInfo>
        <Attr Name="ImportPath" Val="$PPRDIR/../../../../../../../../../../../../../../../../../../../../../../../../../../../../../../../../../../../../../../OneDrive/Desktop/CSE100/Lab5/lab5_clks.v"/>
        <Attr Name="ImportTime" Val="1651292662"/>
        <Attr Name="UsedIn" Val="synthesis"/>
        <Attr Name="UsedIn" Val="implementation"/>
        <Attr Name="UsedIn" Val="simulation"/>
      </FileInfo>
    </File>
    <File Path="$PSRCDIR/sources_1/imports/CSE100/Lab4/Sequential_Circuit_Counter/Sequential_Circuit_Counter.srcs/sources_1/imports/new/m8_1.v">
      <FileInfo>
        <Attr Name="ImportPath" Val="$PPRDIR/../../../../../../../../../../../../../../../../../../../../../../../../../../../../../../../../../../../../../../OneDrive/Desktop/CSE100/Lab4/Sequential_Circuit_Counter/Sequential_Circuit_Counter.srcs/sources_1/imports/new/m8_1.v"/>
        <Attr Name="ImportTime" Val="1650815604"/>
        <Attr Name="UsedIn" Val="synthesis"/>
        <Attr Name="UsedIn" Val="implementation"/>
        <Attr Name="UsedIn" Val="simulation"/>
      </FileInfo>
    </File>
    <File Path="$PSRCDIR/sources_1/new/Top_Module_Main.v">
      <FileInfo>
        <Attr Name="ImportPath" Val="$PPRDIR/../../../../../../../../../../../../../../../../../../../../../../../../../../../../../../../../../../../../../../OneDrive/Desktop/CSE100/Lab5/stop_it/stop_it.srcs/sources_1/new/Top_Module_Main.v"/>
        <Attr Name="ImportTime" Val="1651299549"/>
        <Attr Name="UsedIn" Val="synthesis"/>
        <Attr Name="UsedIn" Val="implementation"/>
        <Attr Name="UsedIn" Val="simulation"/>
      </FileInfo>
    </File>
    <File Path="$PSRCDIR/sources_1/new/OneSecond.v">
      <FileInfo>
        <Attr Name="AutoDisabled" Val="1"/>
        <Attr Name="ImportPath" Val="$PPRDIR/../../../../../../../../../../../../../../../../../../../../../../../../../../../../../OneDrive/Desktop/CSE100/Lab5/stop_it/stop_it.srcs/sources_1/new/OneSecond.v"/>
        <Attr Name="ImportTime" Val="1651470512"/>
        <Attr Name="UsedIn" Val="synthesis"/>
        <Attr Name="UsedIn" Val="implementation"/>
        <Attr Name="UsedIn" Val="simulation"/>
      </FileInfo>
    </File>
    <File Path="$PSRCDIR/sources_1/imports/stop_it/archive_project_summary.txt">
      <FileInfo>
        <Attr Name="ImportPath" Val="$PPRDIR/../../../../../../../../Downloads/stop_it/archive_project_summary.txt"/>
        <Attr Name="ImportTime" Val="1651700294"/>
      </FileInfo>
    </File>
    <Config>
      <Option Name="DesignMode" Val="RTL"/>
      <Option Name="TopModule" Val="Top_Module_Main"/>
    </Config>
  </FileSet>
  <FileSet Name="constrs_in" Type="Constrs" RelSrcDir="$PSRCDIR/constrs_1">
    <Filter Type="Constrs"/>
    <File Path="$PSRCDIR/constrs_1/imports/Lab5/Basys3_Master.xdc">
      <FileInfo>
        <Attr Name="ImportPath" Val="$PPRDIR/../../../../../../../../../../../../../../../../../../../../../../../../../../../../../../../../../../../../../../OneDrive/Desktop/CSE100/Lab5/Basys3_Master.xdc"/>
        <Attr Name="ImportTime" Val="1651262515"/>
        <Attr Name="UsedIn" Val="synthesis"/>
        <Attr Name="UsedIn" Val="implementation"/>
      </FileInfo>
    </File>
    <Config>
      <Option Name="ConstrsType" Val="XDC"/>
    </Config>
  </FileSet>
  <FileSet Name="utils" Type="Utils" RelSrcDir="$PSRCDIR/utils_1">
    <Filter Type="Utils"/>
    <Config>
      <Option Name="TopAutoSet" Val="TRUE"/>
    </Config>
  </FileSet>
  <Strategy Version="1" Minor="2">
    <StratHandle Name="Vivado Synthesis Defaults" Flow="Vivado Synthesis 2019"/>
    <Step Id="synth_design"/>
  </Strategy>
</GenRun>
