<?xml version="1.0" encoding="UTF-8"?>
<GenRun Id="synth_1" LaunchPart="xc7a35tcpg236-1" LaunchTime="1652222219">
  <File Type="PA-TCL" Name="Top_Module_Main.tcl"/>
  <File Type="REPORTS-TCL" Name="Top_Module_Main_reports.tcl"/>
  <File Type="RDS-RDS" Name="Top_Module_Main.vds"/>
  <File Type="RDS-UTIL" Name="Top_Module_Main_utilization_synth.rpt"/>
  <File Type="RDS-UTIL-PB" Name="Top_Module_Main_utilization_synth.pb"/>
  <File Type="RDS-DCP" Name="Top_Module_Main.dcp"/>
  <FileSet Name="sources" Type="DesignSrcs" RelSrcDir="$PSRCDIR/sources_1">
    <Filter Type="Srcs"/>
    <File Path="$PSRCDIR/sources_1/new/Edge_Detector.v">
      <FileInfo>
        <Attr Name="ImportPath" Val="$PPRDIR/../../../../../../../../../../../../../../../../../../../../../../../OneDrive/Desktop/CSE100/Lab6/TurkeyTraffic/TurkeyTraffic.srcs/sources_1/new/Edge_Detector.v"/>
        <Attr Name="ImportTime" Val="1651940392"/>
        <Attr Name="UsedIn" Val="synthesis"/>
        <Attr Name="UsedIn" Val="implementation"/>
        <Attr Name="UsedIn" Val="simulation"/>
      </FileInfo>
    </File>
    <File Path="$PSRCDIR/sources_1/new/RingCounter.v">
      <FileInfo>
        <Attr Name="ImportPath" Val="$PPRDIR/../../../../../../../../../../../../../../../../../../../../../../../OneDrive/Desktop/CSE100/Lab6/TurkeyTraffic/TurkeyTraffic.srcs/sources_1/new/RingCounter.v"/>
        <Attr Name="ImportTime" Val="1651940394"/>
        <Attr Name="UsedIn" Val="synthesis"/>
        <Attr Name="UsedIn" Val="implementation"/>
        <Attr Name="UsedIn" Val="simulation"/>
      </FileInfo>
    </File>
    <File Path="$PSRCDIR/sources_1/new/Selector.v">
      <FileInfo>
        <Attr Name="ImportPath" Val="$PPRDIR/../../../../../../../../../../../../../../../../../../../../../../../OneDrive/Desktop/CSE100/Lab6/TurkeyTraffic/TurkeyTraffic.srcs/sources_1/new/Selector.v"/>
        <Attr Name="ImportTime" Val="1651940398"/>
        <Attr Name="UsedIn" Val="synthesis"/>
        <Attr Name="UsedIn" Val="implementation"/>
        <Attr Name="UsedIn" Val="simulation"/>
      </FileInfo>
    </File>
    <File Path="$PSRCDIR/sources_1/new/StateMachine.v">
      <FileInfo>
        <Attr Name="ImportPath" Val="$PPRDIR/../../../../../../../../../../../../../../../../../../../../../../../OneDrive/Desktop/CSE100/Lab6/TurkeyTraffic/TurkeyTraffic.srcs/sources_1/new/StateMachine.v"/>
        <Attr Name="ImportTime" Val="1651940400"/>
        <Attr Name="UsedIn" Val="synthesis"/>
        <Attr Name="UsedIn" Val="implementation"/>
        <Attr Name="UsedIn" Val="simulation"/>
      </FileInfo>
    </File>
    <File Path="$PSRCDIR/sources_1/new/TimeCounter.v">
      <FileInfo>
        <Attr Name="ImportPath" Val="$PPRDIR/../../../../../../../../../../../../../../../../../../../../../../../OneDrive/Desktop/CSE100/Lab6/TurkeyTraffic/TurkeyTraffic.srcs/sources_1/new/TimeCounter.v"/>
        <Attr Name="ImportTime" Val="1651940401"/>
        <Attr Name="UsedIn" Val="synthesis"/>
        <Attr Name="UsedIn" Val="implementation"/>
        <Attr Name="UsedIn" Val="simulation"/>
      </FileInfo>
    </File>
    <File Path="$PSRCDIR/sources_1/new/TurkeyCounter.v">
      <FileInfo>
        <Attr Name="ImportPath" Val="$PPRDIR/../../../../../../../../../../../../../../../../../../../../../../../OneDrive/Desktop/CSE100/Lab6/TurkeyTraffic/TurkeyTraffic.srcs/sources_1/new/TurkeyCounter.v"/>
        <Attr Name="ImportTime" Val="1651940407"/>
        <Attr Name="UsedIn" Val="synthesis"/>
        <Attr Name="UsedIn" Val="implementation"/>
        <Attr Name="UsedIn" Val="simulation"/>
      </FileInfo>
    </File>
    <File Path="$PSRCDIR/sources_1/new/countUD4L.v">
      <FileInfo>
        <Attr Name="ImportPath" Val="$PPRDIR/../../../../../../../../../../../../../../../../../../../../../../../OneDrive/Desktop/CSE100/Lab6/TurkeyTraffic/TurkeyTraffic.srcs/sources_1/new/countUD4L.v"/>
        <Attr Name="ImportTime" Val="1651940410"/>
        <Attr Name="UsedIn" Val="synthesis"/>
        <Attr Name="UsedIn" Val="implementation"/>
        <Attr Name="UsedIn" Val="simulation"/>
      </FileInfo>
    </File>
    <File Path="$PSRCDIR/sources_1/new/hex7seg.v">
      <FileInfo>
        <Attr Name="ImportPath" Val="$PPRDIR/../../../../../../../../../../../../../../../../../../../../../../../OneDrive/Desktop/CSE100/Lab6/TurkeyTraffic/TurkeyTraffic.srcs/sources_1/new/hex7seg.v"/>
        <Attr Name="ImportTime" Val="1651940414"/>
        <Attr Name="UsedIn" Val="synthesis"/>
        <Attr Name="UsedIn" Val="implementation"/>
        <Attr Name="UsedIn" Val="simulation"/>
      </FileInfo>
    </File>
    <File Path="$PSRCDIR/sources_1/imports/Lab6/lab6_clks.v">
      <FileInfo>
        <Attr Name="ImportPath" Val="$PPRDIR/../../../../../../../../../../../../../../../../../../../../../../../OneDrive/Desktop/CSE100/Lab6/lab6_clks.v"/>
        <Attr Name="ImportTime" Val="1651883290"/>
        <Attr Name="UsedIn" Val="synthesis"/>
        <Attr Name="UsedIn" Val="implementation"/>
        <Attr Name="UsedIn" Val="simulation"/>
      </FileInfo>
    </File>
    <File Path="$PSRCDIR/sources_1/new/m8_1.v">
      <FileInfo>
        <Attr Name="ImportPath" Val="$PPRDIR/../../../../../../../../../../../../../../../../../../../../../../../OneDrive/Desktop/CSE100/Lab6/TurkeyTraffic/TurkeyTraffic.srcs/sources_1/new/m8_1.v"/>
        <Attr Name="ImportTime" Val="1651940418"/>
        <Attr Name="UsedIn" Val="synthesis"/>
        <Attr Name="UsedIn" Val="implementation"/>
        <Attr Name="UsedIn" Val="simulation"/>
      </FileInfo>
    </File>
    <File Path="$PSRCDIR/sources_1/new/Top_Module_Main.v">
      <FileInfo>
        <Attr Name="ImportPath" Val="$PPRDIR/../../../../../../../../../../../../../../../../../../../../../../../OneDrive/Desktop/CSE100/Lab6/TurkeyTraffic/TurkeyTraffic.srcs/sources_1/new/Top_Module_Main.v"/>
        <Attr Name="ImportTime" Val="1651940403"/>
        <Attr Name="UsedIn" Val="synthesis"/>
        <Attr Name="UsedIn" Val="implementation"/>
        <Attr Name="UsedIn" Val="simulation"/>
      </FileInfo>
    </File>
    <File Path="$PSRCDIR/sources_1/imports/TurkeyTraffic/archive_project_summary.txt">
      <FileInfo>
        <Attr Name="ImportPath" Val="$PPRDIR/../../../../../../../../Downloads/TurkeyTraffic/archive_project_summary.txt"/>
        <Attr Name="ImportTime" Val="1652220922"/>
      </FileInfo>
    </File>
    <Config>
      <Option Name="DesignMode" Val="RTL"/>
      <Option Name="TopModule" Val="Top_Module_Main"/>
    </Config>
  </FileSet>
  <FileSet Name="constrs_in" Type="Constrs" RelSrcDir="$PSRCDIR/constrs_1">
    <Filter Type="Constrs"/>
    <File Path="$PSRCDIR/constrs_1/imports/Lab6/Basys3_Master.xdc">
      <FileInfo>
        <Attr Name="ImportPath" Val="$PPRDIR/../../../../../../../../../../../../../../../../../../../../../../../OneDrive/Desktop/CSE100/Lab6/Basys3_Master.xdc"/>
        <Attr Name="ImportTime" Val="1651896979"/>
        <Attr Name="UsedIn" Val="synthesis"/>
        <Attr Name="UsedIn" Val="implementation"/>
      </FileInfo>
    </File>
    <Config>
      <Option Name="ConstrsType" Val="XDC"/>
    </Config>
  </FileSet>
  <FileSet Name="utils" Type="Utils" RelSrcDir="$PSRCDIR/utils_1">
    <Filter Type="Utils"/>
    <Config>
      <Option Name="TopAutoSet" Val="TRUE"/>
    </Config>
  </FileSet>
  <Strategy Version="1" Minor="2">
    <StratHandle Name="Vivado Synthesis Defaults" Flow="Vivado Synthesis 2019"/>
    <Step Id="synth_design"/>
  </Strategy>
</GenRun>
