<?xml version="1.0" encoding="UTF-8"?>
<GenRun Id="impl_1" LaunchPart="xc7a35tcpg236-1" LaunchTime="1649187343">
  <File Type="ROUTE-PWR" Name="top_adder_power_routed.rpt"/>
  <File Type="PA-TCL" Name="top_adder.tcl"/>
  <File Type="BITSTR-BMM" Name="top_adder_bd.bmm"/>
  <File Type="ROUTE-PWR-SUM" Name="top_adder_power_summary_routed.pb"/>
  <File Type="REPORTS-TCL" Name="top_adder_reports.tcl"/>
  <File Type="OPT-DCP" Name="top_adder_opt.dcp"/>
  <File Type="OPT-DRC" Name="top_adder_drc_opted.rpt"/>
  <File Type="OPT-HWDEF" Name="top_adder.hwdef"/>
  <File Type="PWROPT-DCP" Name="top_adder_pwropt.dcp"/>
  <File Type="PLACE-DCP" Name="top_adder_placed.dcp"/>
  <File Type="PLACE-IO" Name="top_adder_io_placed.rpt"/>
  <File Type="PLACE-UTIL" Name="top_adder_utilization_placed.rpt"/>
  <File Type="PLACE-UTIL-PB" Name="top_adder_utilization_placed.pb"/>
  <File Type="PLACE-CTRL" Name="top_adder_control_sets_placed.rpt"/>
  <File Type="PLACE-PRE-SIMILARITY" Name="top_adder_incremental_reuse_pre_placed.rpt"/>
  <File Type="BG-BGN" Name="top_adder.bgn"/>
  <File Type="POSTPLACE-PWROPT-DCP" Name="top_adder_postplace_pwropt.dcp"/>
  <File Type="BG-BIN" Name="top_adder.bin"/>
  <File Type="PHYSOPT-DCP" Name="top_adder_physopt.dcp"/>
  <File Type="BITSTR-MSK" Name="top_adder.msk"/>
  <File Type="ROUTE-ERROR-DCP" Name="top_adder_routed_error.dcp"/>
  <File Type="ROUTE-DCP" Name="top_adder_routed.dcp"/>
  <File Type="ROUTE-BLACKBOX-DCP" Name="top_adder_routed_bb.dcp"/>
  <File Type="ROUTE-DRC" Name="top_adder_drc_routed.rpt"/>
  <File Type="ROUTE-DRC-PB" Name="top_adder_drc_routed.pb"/>
  <File Type="ROUTE-DRC-RPX" Name="top_adder_drc_routed.rpx"/>
  <File Type="BITSTR-LTX" Name="top_adder.ltx"/>
  <File Type="ROUTE-METHODOLOGY-DRC" Name="top_adder_methodology_drc_routed.rpt"/>
  <File Type="BITSTR-MMI" Name="top_adder.mmi"/>
  <File Type="ROUTE-METHODOLOGY-DRC-RPX" Name="top_adder_methodology_drc_routed.rpx"/>
  <File Type="ROUTE-METHODOLOGY-DRC-PB" Name="top_adder_methodology_drc_routed.pb"/>
  <File Type="BITSTR-SYSDEF" Name="top_adder.sysdef"/>
  <File Type="ROUTE-PWR-RPX" Name="top_adder_power_routed.rpx"/>
  <File Type="ROUTE-STATUS" Name="top_adder_route_status.rpt"/>
  <File Type="ROUTE-STATUS-PB" Name="top_adder_route_status.pb"/>
  <File Type="ROUTE-TIMINGSUMMARY" Name="top_adder_timing_summary_routed.rpt"/>
  <File Type="ROUTE-TIMING-PB" Name="top_adder_timing_summary_routed.pb"/>
  <File Type="ROUTE-TIMING-RPX" Name="top_adder_timing_summary_routed.rpx"/>
  <File Type="ROUTE-CLK" Name="top_adder_clock_utilization_routed.rpt"/>
  <File Type="ROUTE-BUS-SKEW" Name="top_adder_bus_skew_routed.rpt"/>
  <File Type="ROUTE-BUS-SKEW-PB" Name="top_adder_bus_skew_routed.pb"/>
  <File Type="ROUTE-BUS-SKEW-RPX" Name="top_adder_bus_skew_routed.rpx"/>
  <File Type="POSTROUTE-PHYSOPT-DCP" Name="top_adder_postroute_physopt.dcp"/>
  <File Type="POSTROUTE-PHYSOPT-BLACKBOX-DCP" Name="top_adder_postroute_physopt_bb.dcp"/>
  <File Type="BG-BIT" Name="top_adder.bit"/>
  <File Type="BITSTR-RBT" Name="top_adder.rbt"/>
  <File Type="BITSTR-NKY" Name="top_adder.nky"/>
  <File Type="BG-DRC" Name="top_adder.drc"/>
  <File Type="RDI-RDI" Name="top_adder.vdi"/>
  <File Type="WBT-USG" Name="usage_statistics_webtalk.html"/>
  <FileSet Name="sources" Type="DesignSrcs" RelSrcDir="$PSRCDIR/sources_1">
    <Filter Type="Srcs"/>
    <File Path="$PSRCDIR/sources_1/new/Full_Adder.v">
      <FileInfo>
        <Attr Name="ImportPath" Val="$PPRDIR/../../../../../../../../../../../../../../OneDrive/Desktop/CSE 100/7_Segment_Display/7_Segment_Display.srcs/sources_1/new/Full_Adder.v"/>
        <Attr Name="ImportTime" Val="1648958701"/>
        <Attr Name="UsedIn" Val="synthesis"/>
        <Attr Name="UsedIn" Val="implementation"/>
        <Attr Name="UsedIn" Val="simulation"/>
      </FileInfo>
    </File>
    <File Path="$PSRCDIR/sources_1/new/SegDisp_Convert.v">
      <FileInfo>
        <Attr Name="ImportPath" Val="$PPRDIR/../../../../../../../../../../../../../../OneDrive/Desktop/CSE 100/7_Segment_Display/7_Segment_Display.srcs/sources_1/new/SegDisp_Convert.v"/>
        <Attr Name="ImportTime" Val="1649017546"/>
        <Attr Name="UsedIn" Val="synthesis"/>
        <Attr Name="UsedIn" Val="implementation"/>
        <Attr Name="UsedIn" Val="simulation"/>
      </FileInfo>
    </File>
    <File Path="$PSRCDIR/sources_1/new/top_adder.v">
      <FileInfo>
        <Attr Name="ImportPath" Val="$PPRDIR/../../../../../../../../../../../../../../OneDrive/Desktop/CSE 100/7_Segment_Display/7_Segment_Display.srcs/sources_1/new/top_adder.v"/>
        <Attr Name="ImportTime" Val="1648959094"/>
        <Attr Name="UsedIn" Val="synthesis"/>
        <Attr Name="UsedIn" Val="implementation"/>
        <Attr Name="UsedIn" Val="simulation"/>
      </FileInfo>
    </File>
    <File Path="$PSRCDIR/sources_1/imports/7_Segment_Display/archive_project_summary.txt">
      <FileInfo>
        <Attr Name="ImportPath" Val="$PPRDIR/../../../../../Downloads/7_Segment_Display/archive_project_summary.txt"/>
        <Attr Name="ImportTime" Val="1649187211"/>
      </FileInfo>
    </File>
    <Config>
      <Option Name="DesignMode" Val="RTL"/>
      <Option Name="TopModule" Val="top_adder"/>
    </Config>
  </FileSet>
  <FileSet Name="constrs_in" Type="Constrs" RelSrcDir="$PSRCDIR/constrs_1">
    <Filter Type="Constrs"/>
    <File Path="$PSRCDIR/constrs_1/imports/CSE 100/Basys3_Master.xdc">
      <FileInfo>
        <Attr Name="ImportPath" Val="$PPRDIR/../../../../../../../../../../../../../../OneDrive/Desktop/CSE 100/Basys3_Master.xdc"/>
        <Attr Name="ImportTime" Val="1648949018"/>
        <Attr Name="UsedIn" Val="synthesis"/>
        <Attr Name="UsedIn" Val="implementation"/>
      </FileInfo>
    </File>
    <Config>
      <Option Name="ConstrsType" Val="XDC"/>
    </Config>
  </FileSet>
  <FileSet Name="utils" Type="Utils" RelSrcDir="$PSRCDIR/utils_1">
    <Filter Type="Utils"/>
    <Config>
      <Option Name="TopAutoSet" Val="TRUE"/>
    </Config>
  </FileSet>
  <Strategy Version="1" Minor="2">
    <StratHandle Name="Vivado Implementation Defaults" Flow="Vivado Implementation 2019"/>
    <Step Id="init_design"/>
    <Step Id="opt_design"/>
    <Step Id="power_opt_design"/>
    <Step Id="place_design"/>
    <Step Id="post_place_power_opt_design"/>
    <Step Id="phys_opt_design"/>
    <Step Id="route_design"/>
    <Step Id="post_route_phys_opt_design"/>
    <Step Id="write_bitstream"/>
  </Strategy>
</GenRun>
